俄语原文,中文翻译
3D принтер SNAPMAKER U1 4 сопла FDM,SNAPMAKER U1 3D打印机 4喷嘴 FDM
3D-принтер Snapmaker U1 (международная версия),Snapmaker U1 3D打印机 国际版
3D-принтер Snapmaker U1 для печати,Snapmaker U1 3D打印机
3D-принтер Snapmaker U1 для печати и гравировки,Snapmaker U1 3D打印机 打印雕刻
AMS 2 pro bambu lab Автоматическая система подачи филамента многокрасочная 3D печать совместима с X1/P1,Bambu Lab AMS 2 Pro 自动供料系统 多色3D打印 兼容X1 P1
ASUS 26.5 Монитор ASUS ROG STRIX OLED XG27AQWMG 2K/280hz/WOLED 0.03ms игровой монитор,华硕ROG STRIX OLED 26.5寸 2K 280Hz WOLED 0.03ms 游戏显示器
ASUS 27 Монитор XG27AQDMES-P 27 2K 240hz QD-OLED,华硕 27寸 2K 240Hz QD-OLED 游戏显示器
ASUS Vivobook Pro 16 2026 AMD Ryzen AI9 H 465 AMD Radeon 880M RAM 32 ГБ SSD 1024 ГБ,华硕Vivobook Pro 16 2026 AMD Ryzen AI9 32GB 1TB 笔记本
Acer NEO i5-13500HX RTX 4060 Игровой ноутбук 16 Intel Core i5-13500HX RAM 16 ГБ SSD 512 ГБ,宏碁NEO i5-13500HX RTX4060 16寸游戏本
Amway Ополаскиватель для полости рта 59 мл,安利漱口水 59ml
Apple Наушники беспроводные с микрофоном Apple AirPods Pro 2 Bluetooth USB Type-C,苹果AirPods Pro 2 无线蓝牙耳机 USB-C
Apple Наушники с микрофоном Apple AirPods Max 2 Bluetooth USB Type-C,苹果AirPods Max 2 蓝牙耳机 USB-C
Apple Планшет 11 6 ГБ/128 ГБ серебристый,苹果平板 11寸 6GB 128GB 银色
Bambu AMS 2 Pro Автоматическая система подачи интеллектуальное многоцветное обновление,Bambu AMS 2 Pro 自动供料系统 智能多色升级 烘干功能
Bambu Lab X2D 3D-принтер,Bambu Lab X2D 3D打印机
Beatbot Sora 70 Робот-пылесос для бассейнов всесторонняя уборка на 360,Beatbot Sora 70 泳池清洁机器人 360度全面清洁
Biorepair Зубная паста Total Protective Repair Комплексная Защита+Ночной ремонт 75 мл 2 шт,Biorepair 牙膏 全面防护修复 75ml 2支装
DECATHLON Палатка 4-местная,迪卡侬 4人帐篷
DJI Osmo Action 4 Экшн-камера с сенсором 1/1 3 дюйма 4K/120,DJI Osmo Action 4 运动相机 1/1.3英寸传感器 4K 120帧
DS-S1600 Портативная электростанция 1600Вт LiFePO4 солнечной панелью,DS-S1600 便携式电站 1600W 磷酸铁锂 太阳能板
DeWalt DCS714 торцовочная пила 20V MAX XR 10 дюймов,得伟DCS714 20V 10寸 斜切锯 双斜角 无线
Dreame Газонокосилка-робот самоходный,追觅 自走式割草机器人
Edifier Студийный монитор MR3BT,漫步者 MR3BT 监听音箱
Eversolo T8 сетевой Hi-Fi транспорт музыкальный стример,艾维索 T8 网络Hi-Fi转盘 音乐流媒体
Google Смартфон Pixel 7 8/256 ГБ Nano-SIM eSIM,谷歌Pixel 7 8GB 256GB 智能手机
JMGO Гобо-проектор JMGO N5S Ultra Max 3840x2160 3-цветной лазерный проектор,JMGO N5S Ultra Max 4K 三色激光投影仪
Klipsch Flexus CORE 300 5.1.2 Dolby Atmos Soundbar,杰士 Flexus CORE 300 5.1.2 杜比全景声回音壁
LEGO 11380 Icons Шоссейный велосипед набор кубиков 18,乐高 Icons 11380 公路自行车 18+ 积木套装
LEGO ICONS 11377 Властелин колец Минaс-Тирит,乐高 ICONS 11377 指环王 米那斯提力斯
LISM Кресло-шезлонг176x60x33 см,LISM 折叠躺椅 176x60x33cm
LOWRANCE Орел 9 TripleShot Эхолот+C-MAP,LOWRANCE Eagle 9 TripleShot 鱼探仪 C-MAP
Languo Набор ручек толщина линии 1 мм 144 шт,蓝果 中性笔套装 1mm 144支
Lenovo Xiaoxin Pro 16GT Ноутбук 16 Intel Core Ultra 9 285H RAM 32 ГБ,联想小新Pro 16GT 笔记本 Intel Core Ultra 9 32GB
Li-ion Black bear Аккумулятор для электровелосипеда 2026 3000 Вт,黑熊 电动车锂电池 2026款 3000W
MECHREVO JIAOLONG16Pro R9 9955HX RTX 5070 Ti Игровой ноутбук,机械革命 蛟龙16Pro R9-9955HX RTX5070Ti 游戏本
MICHELIN PILOT SPORT 5 Шины летние 245/40 R19 98Y,米其林 PILOT SPORT 5 夏季轮胎 245/40 R19 98Y
MICHELIN PILOT SPORT 5 Шины летние 255/40 R19 100Y,米其林 PILOT SPORT 5 夏季轮胎 255/40 R19 100Y
MP3-плеер черный,MP3播放器 黑色
Mijia Робот-пылесос 6 Max PV11CN 35000 Па Автоматическая очистка основания,米家扫地机器人 6 Max PV11CN 35000Pa 自动清洗基站
OPPO Смартфон FIND X9 ULTRA Global 16/1 ТБ,OPPO Find X9 Ultra 全球版 16GB 1TB 智能手机
Panini 2026 FIFA World Cup Sticker Collection Box 50 пакетов,帕尼尼 2026 世界杯球星卡收藏盒 50包
Pirelli P Zero PZ4 Шины летние 265/30 R21 96Y,倍耐力 P Zero PZ4 夏季轮胎 265/30 R21 96Y
Poco Смартфон POCO F7 Snapdragon 8s Gen 4 6500 мАч 6 83 AMOLED,POCO F7 智能手机 骁龙8s Gen4 6500mAh 6.83寸AMOLED
Poco Смартфон POCO X8 Pro Глобальная версия 8500-Ultra 50 МП NFC 6500 мАч,POCO X8 Pro 全球版 天玑8500 50MP NFC 6500mAh 智能手机
Pokemon TCG Ascended Heroes Deluxe Pin Collection Первые партнеры,宝可梦TCG Ascended Heroes 豪华徽章收藏盒 初始伙伴
Redmagic Смартфон 11Spro Global 16/512 ГБ,红魔 11S Pro 全球版 16GB 512GB 游戏手机
Redmagic Смартфон REDMAGIC 11s Pro Global 16/512 ГБ,红魔 11S Pro 全球版 16GB 512GB
SUP-доска83 см,SUP桨板 83cm
SUP-доска84 см,SUP桨板 84cm
SUP-доска86 см,SUP桨板 86cm
SevenTitans Подвижная фигурка JOYTOY Warhammer 30K BLOOD ANGELS SANGUINIUS,JOYTOY 战锤30K 圣血天使 圣吉列斯 可动人偶 典藏版
Sony Наушники Bluetooth USB Type-C белый,索尼 无线蓝牙耳机 USB-C 白色
Sony Смартфон Sony Xperia1 VIII 12+256GB Graphite Black Global,索尼 Xperia 1 VIII 12GB 256GB 石墨黑 全球版
Sony Смартфон Sony Xperia1 VIII 12+256GB lolite Silver Global,索尼 Xperia 1 VIII 12GB 256GB 银灰色 全球版
Sony Смартфон Sony Xperia1 VIII 12+512GB Gold Native Gold Global,索尼 Xperia 1 VIII 12GB 512GB 金色 全球版
Sony Смартфон Sony Xperia1 VIII 12+512GB Graphite Black Global,索尼 Xperia 1 VIII 12GB 512GB 石墨黑 全球版
Sony Смартфон Sony Xperia1 VIII 12+512GB lolite Silver Global,索尼 Xperia 1 VIII 12GB 512GB 银灰色 全球版
Sony Смартфон Sony Xperia1 VIII 12+512GB Garnet Red Global,索尼 Xperia 1 VIII 12GB 512GB 石榴红 全球版
Sony Смартфон Xperia 1 VIII Mark 8 Глобальная версия 12/256 ГБ серебристый,索尼 Xperia 1 VIII Mark 8 全球版 12GB 256GB 银色
Sony Смартфон Xperia 1 VIII Mark 8 Глобальная версия 12/256 ГБ черный матовый,索尼 Xperia 1 VIII Mark 8 全球版 12GB 256GB 磨砂黑
Sony Смартфон Xperia 1 VIII Mark 8 Глобальная версия 12/512 ГБ бордовый,索尼 Xperia 1 VIII Mark 8 全球版 12GB 512GB 酒红色
Sony Смартфон Xperia 1 VIII Mark 8 Глобальная версия 12/512 ГБ черный матовый,索尼 Xperia 1 VIII Mark 8 全球版 12GB 512GB 磨砂黑
TWITTER BIKE Велосипед Шоссейный G2max RS-12s,TWITTER BIKE 公路自行车 G2max RS-12s
Technic Series lego42206 Ред Булл RB20 Формула-1 18+,乐高机械组 42206 红牛RB20 F1赛车 18+
VIDDA Гобо-проектор 2026 Vidda C5 Ultra 4K трехцветный лазерный проектор,VIDDA C5 Ultra 4K 三色激光投影仪 2026款
VIDDA Гобо-проектор Vidda C3 Ultra Highlighted Lumens трехцветный лазерный проектор,VIDDA C3 Ultra 高亮度 三色激光投影仪
XR Очки VITURE Beast с дисплеем от Sony 4K 174 дюймов 58 FOV 120 Гц,VITURE Beast XR眼镜 Sony 4K显示屏 174寸 58度FOV 120Hz
Xiaomi Робот-пылесос Mijia Robot Vacuum 6 Max PV11CN 35000 Па,小米米家扫地机器人 6 Max PV11CN 35000Pa
Xiaomi Смартфон 17T Pro Global 12/512 ГБ Nano-SIM eSIM,小米 17T Pro 全球版 12GB 512GB 智能手机
askar SQA60 pro f4.6 276mm focus lengh астрономический телескоп,Askar SQA60 Pro f4.6 276mm焦距 天文望远镜
karvinshcraft Бескаркасный диван Диван Бархат Размер XXL,karvinshcraft 无框架沙发 天鹅绒 XXL
klipsch Flexus Core300 Беспроводная Bluetooth-колонка Dolby Atmos,杰士 Flexus Core300 无线蓝牙音箱 杜比全景声
Аккумулятор STIHL AP 300 S 36V 7.2Ah 281Wh литий-ионная батарея,斯蒂尔 AP 300 S 36V 7.2Ah 281Wh 锂离子电池
Аксессуары для кальяна 1шт,水烟配件 1件
Амани Ограниченный выпуск 14 RubyRed Fashion Friends Коллекционная кукла,Amani 限量版 14寸 RubyRed 时尚朋友 收藏娃娃
Багажный бокс Аэродинамическая поперечина объем 700 л 202 см,车顶行李箱 空气动力学横杆 700L 202cm
Беспроводная точечная сварка ручной аппарат на аккумуляторе 2200 мАч USB-зарядка,无线点焊机 手持式 锂电池 2200mAh USB充电
Велосипед Городской Шоссейный BWM,城市公路自行车 BWM
Велосипед Городской Шоссейный Dark gray,城市公路自行车 深灰色
Велосипед Городской Шоссейный mzm,城市公路自行车
Велосипед диаметром 26 дюймов,26寸自行车
Внешний аккумулятор 315000 мАч 1200 Вт черный оранжевый T11,户外电源 315000mAh 1200W T11 黑橙色
Высококачественный панорамный акустический усилитель Yamaha RX-V6A 7.2 Канал 8K HDMI 2.1,雅马哈 RX-V6A 7.2声道 8K HDMI2.1 AV功放
Гамак-палатка 10-местная,吊床帐篷 10人
Геймпад Sony DualSense 30th Anniversary Edition,索尼 DualSense 手柄 30周年纪念版
Геймпад беспроводной DualSense для PS5 007 First Light ограниченная версия,PS5 DualSense 无线手柄 007 First Light 限量版
Гобо-проектор -A голубой,投影仪 蓝色
Гобо-проектор 2026 Vidda M2 Pro Brand New белый,VIDDA M2 Pro 投影仪 2026款 白色
Гобо-проектор EF-50T коричневый,EF-50T 投影仪 棕色
Гобо-проектор JMGO N1 Ultra темно-серый,JMGO N1 Ultra 投影仪 深灰色
Гобо-проектор Проектор JMGO N5 Pro 4K 3840x2160 Qualas32 3100 ISO люмен,JMGO N5 Pro 4K 投影仪 Qualas32 3100 ISO流明
Гобо-проектор Трехцветный лазерный проектор JMGO N5 Pro Max 4K,JMGO N5 Pro Max 4K 三色激光投影仪
Гобо-проектор Трехцветный лазерный проектор JMGO N5 Ultra Max 4K 6000 люмен,JMGO N5 Ultra Max 4K 三色激光投影仪 6000流明
Двигатель для садовой техники,园林机械发动机
Детская горка с качелями,儿童滑梯带秋千
Детский велосипед 18 дюймов детский горный велосипед с переключением скоростей,18寸儿童山地自行车 变速
Домашний кинотеатр QUAD Artera Pre Black,QUAD Artera Pre 家庭影院 黑色
Зарядное устройство UltraPower UP9 для аккумуляторных сборок моделей,UltraPower UP9 充电器 航模电池组
Игра 007 First Light PS5 Русские субтитры,PS5游戏 007 First Light 俄语字幕
Игровая консоль Retroid Pocket 6 RP6 Android 5 5-дюймовый AMOLED 12+256 ГБ,Retroid Pocket 6 RP6 安卓掌机 5.5寸AMOLED 12GB+256GB
Игровой ноутбук MECHREVO Intel Core i9-13900HX RAM16 ГБ SSD 1024 ГБ,机械革命 游戏本 i9-13900HX 16GB 1TB
Игровой ноутбук MECHREVO AMD Ryzen 9 7845HX RAM16 ГБ SSD 1024 ГБ,机械革命 游戏本 R9-7845HX 16GB 1TB
Игровой ноутбук MECHREVO AMD Ryzen 9 7845HX RAM32 ГБ SSD 1024 ГБ,机械革命 游戏本 R9-7845HX 32GB 1TB
Игровой ноутбук MECHREVO AMD Ryzen 9 8940HX RAM32 ГБ SSD 1024 ГБ,机械革命 游戏本 R9-8940HX 32GB 1TB
Игровой ноутбук MECHREVO AMD Ryzen 9 8945HX RAM32 ГБ SSD 1024 ГБ,机械革命 游戏本 R9-8945HX 32GB 1TB
Игровой ноутбук MECHREVO 5070ti AMD Ryzen 9 8940HX RAM32 ГБ,机械革命 游戏本 RTX5070Ti R9-8940HX 32GB
Интегральный усилитель Yamaha A-S1200 Black,雅马哈 A-S1200 合并功放 黑色
Какао-порошок Kurukahveci Mehmet Efendi 250 г,Kurukahveci Mehmet Efendi 可可粉 250g
Катушка диаметр катушки 58 мм,鱼线轮 58mm直径
Конструктор LEGO Icons 11377 Властелин колец Минас Тирит,乐高 Icons 11377 指环王 米那斯提力斯
Конструктор LEGO Icons 40893 Властелин колец Гронд,乐高 Icons 40893 指环王 葛龙德
Конструктор LEGO Shrek 72423 Монстр Шрек осел и кот в сапогах,乐高 怪物史瑞克 72423 史瑞克 驴子 穿靴子的猫
Костюм классический Koton льняной костюм женский,Koton 经典亚麻女式西装
Кофеварка капельная черный золотой,滴漏式咖啡机 黑色 金色
Купальник раздельный,分体式泳衣
Лабораторный бриллиант CVD 1 01 карат 6 5 мм D/VVS 2+сертификат,CVD培育钻石 1.01克拉 6.5mm D/VVS2 带证书
Лейка 10 л 1 шт,洒水壶 10L 1个
Литиевый аккумулятор KingTree 21 В 9 0 Ач для электроинструментов Подходит для Makita,KingTree 21V 9.0Ah 锂电池 适用于牧田电动工具 含充电器
Матрас Беспружинный 90х190 см,无弹簧床垫 90x190cm
Набор наклеек FIFA WORLD CUP 2026 Чемпионат мира 50 пак,FIFA 2026世界杯 球星卡贴纸 50包
Набор садовой мебели 4персон,花园家具套装 4人
Насос аккумуляторный для лодок ПВХ sup досок насос электрический HT-790,HT-790 锂电池充气泵 PVC船 SUP桨板 电动气泵
Настольная игра Pokemon TCG Chaos Rising бустер бокс,宝可梦TCG Chaos Rising booster box
Настольная игра Pokemon TCG Chaos Rising элитная тренерская коробка,宝可梦TCG Chaos Rising 精英训练家盒
Наушники беспроводные с микрофоном Technics EAH-AZ100 Bluetooth USB Type-C,松下 Technics EAH-AZ100 无线蓝牙耳机 USB-C
Ноутбук MECHREVO AMD Ryzen AI 9 365 RAM32 ГБ SSD 1024 ГБ,机械革命 笔记本 AMD Ryzen AI 9 365 32GB 1TB
Опора для растений 30см 20шт,植物支撑杆 30cm 20支
Основной блок MHO954 500 МГц 4 канала,MHO954 主机 500MHz 4通道
Очки DJI Goggles 3,DJI Goggles 3 FPV飞行眼镜
Палитра теней для век CHEERYEP QIANYAN Natural Star Eye 21 Ember Limited Edition,CHEERYEP千妍 Natural Star Eye #21 余烬 眼影盘 限量版
Панорамная экшн-камера Insta360 X5 с 8K-стабилизацией изображения,Insta360 X5 全景运动相机 8K防抖
Передняя вилка ROCKSHOX RECON RL для велосипеда 29 дюймов BOOST ход 140мм,ROCKSHOX RECON RL 前叉 29寸 BOOST 140mm行程
Плавник для виндсерфинга,风帆冲浪尾鳍
Пленка самоклеящаяся длина 200 см ширина 10 см,自粘墙纸 200cm x 10cm
Портативная электростанция ECOFLOW DELTA3MAX,正浩EcoFlow DELTA 3 Max 便携电站
Премиум радиоуправляемая модель Air65 II Champion,Air65 II Champion 高端航模
Принтер,打印机
Принтер термо,热敏打印机
Прочный стальной кузов для любых грузов,重型钢制货箱 通用货物运输
Радиоуправляемая гусеничная газонокосилка бензиновая,遥控履带式汽油割草机
Робот-пылесос Mijia 6max,米家扫地机器人 6 Max
Руль MOZA KS PRO высококачественный цветной дисплей 2 99 дюйма,MOZA KS PRO 方向盘 2.99寸彩屏 碳纤维
Садовый триммер аккумуляторный,充电式打草机
Саундбар для телевизора HW-Q990F/RU 11.1.4 с сабвуфером,三星 HW-Q990F 11.1.4 回音壁 含低音炮 后置音箱
Саундбар для телевизора Samsung HW-Q990F 11.1.4,三星 HW-Q990F 11.1.4 回音壁
Сетка садовая 30х1.5м,园艺网 30x1.5m
Смартфон Honor 600 Pro 12/ оранжевый,荣耀 600 Pro 12GB 手机 橙色
Смартфон Honor Magic V6 16/,荣耀 Magic V6 16GB 折叠屏
Смартфон Redmagic 11spro 16/ subzero,红魔 11S Pro 16GB 冰霜版
Смартфон Xiaomi 17T_Pro 12/ Violet,小米 17T Pro 12GB 紫色
Смартфон vivo X300Ultra 16/ Черный,vivo X300 Ultra 16GB 黑色
Смартфон vivo 16/ Черный,vivo 16GB 手机 黑色
Соединение трубы m28-m18 из алюминиевого сплава 7075,7075铝合金管接头 M28-M18 20cm 3000psi
Сотовое светодиодное освещение 14-отверстное 636 Вт,蜂窝LED灯 14孔 变色户外照明 636W
Спрей от онихомикоза масло от грибка ногтей,灰指甲喷雾 脚气真菌油
Стартовый набор FIFA WORLD CUP 2026 альбом чм 2026 panini,帕尼尼 2026世界杯 入门套装 球星卡册
Сумка с ручками пляжная,手提沙滩包
Телескопическая указка для преподавания с ударной функцией,伸缩教学教鞭 带敲击功能
Торцовочная пила с протяжкой Metabo KGS 216 M 1500 Вт,麦太保 KGS 216 M 斜切锯 1500W 216mm
Торцовочная пила с протяжкой Metabo KGS 254 M 1800 Вт,麦太保 KGS 254 M 斜切锯 1800W 254mm
Трусы панталоны Высокая талия 1 шт,高腰短裤 1条
Цифровой микшерный пульт WING COMPACT,WING COMPACT 数字调音台
Цифровой рэковый микшерный пульт BEHRINGER WING RACK,BEHRINGER WING RACK 数字机架调音台
Шуба натуральная Кимоно,真皮草和服式大衣
Шуба натуральная Халат,真皮草浴袍大衣
Экшн-камера DJI Osmo Pocket 3 Creator Combo,DJI Osmo Pocket 3 创作者套装
Экшн-камера Osmo Pocket 4 Creator Combo,Osmo Pocket 4 创作者套装
Электровелосипед 2025 350 Вт,电动自行车 2025款 350W
Электровелосипед 2026 400 Вт,电动自行车 2026款 400W
Электровелосипед 250Вт 10000mAh белый,电动自行车 250W 10000mAh 白色
Электровелосипед 400 Вт,电动自行车 400W
Электровелосипед 750 Вт,电动自行车 750W
Электросамокат,电动滑板车
гонгДиаметр 100 см,铜锣 直径100cm
русский LOWRANCE Eagle Орел 9 TripleShot HD+Защитная гидрогелевая пленка,LOWRANCE Eagle 9 TripleShot HD 水凝胶保护膜
